step,particle,species,x1,x2,x3,v1,v2,v3,f1,f2,f3,a1,a2,a3
1,0,A,0.0,0.0,0.0,0.9877090272399518,0.006689136588708675,0.005529968997298471,-2.4581945520096573,1.337827317741735,1.105993799459694,-2.4581945520096573,1.337827317741735,1.105993799459694
1,1,B,1.1,0.25,0.12,-0.9902990995185434,0.007752350723561063,-0.9956122483237171,3.88036019258183,3.1009402894241487,1.7551006705134409,1.940180096290915,1.5504701447120743,0.8775503352567204
1,2,A,0.45,1.25,0.3,-0.9920275788615041,0.9805706531555214,0.004638860529096456,1.5944842276995357,-3.8858693688962544,0.9277721058191268,1.5944842276995357,-3.8858693688962544,0.9277721058191268
1,3,B,0.9,0.5,1.15,0.0012665243797893577,-0.9950853556395189,-1.0082149006592322,0.5066097519149166,1.9658577441931857,-3.2859602636946548,0.2533048759574583,0.9829288720965929,-1.6429801318473274
1,4,A,1.95,1.4,0.8,0.9785537846353276,0.9938600725277413,0.9860900278749085,-4.289243072933576,-1.2279854944523825,-2.781994425018206,-4.289243072933576,-1.2279854944523825,-2.781994425018206
1,5,B,2.4,0.95,1.75,-0.9980850413681575,-1.0032269262200244,1.0056977202823059,0.7659834527469525,-1.2907704880104323,2.2790881129205993,0.3829917263734762,-0.6453852440052161,1.1395440564602997
2,0,A,0.009754180544799035,1.337827317741735e-4,1.1059937994596941e-4,0.9481824821392537,0.01660984517866451,0.015531402350388131,-5.44711446812997,0.6463144002494321,0.8942928711582381,-5.44711446812997,0.6463144002494321,0.8942928711582381
2,1,B,1.0901940180096292,0.2501550470144712,0.11008775503352566,-0.963847762124781,0.025362589499738908,-0.9865307751737107,6.700174764924063,3.94315522104649,1.877488589488877,3.3500873824620316,1.971577610523245,0.9387442947444385
2,2,A,0.44015944842276994,1.2596114130631104,0.3000927772105819,-0.9749458802365496,0.9395537963030276,0.014187375216900833,1.8218554972912857,-4.317502001603615,0.9819308317414476,1.8218554972912857,-4.317502001603615,0.9819308317414476
2,3,B,0.9000253304875958,0.49009829288720963,1.1398357019868153,0.003162760949204646,-0.9849147094248195,-1.0245618109807397,0.2518848758509826,2.1024007416867128,-3.2528038649084094,0.1259424379254913,1.0512003708433564,-1.6264019324542047
2,4,A,1.9595710756927065,1.4098772014505547,0.8097218005574982,0.9370672161401639,0.9823655827069677,0.9586881047607188,-4.008070626097481,-1.070912469703767,-2.6983901978194473,-4.008070626097481,-1.070912469703767,-2.6983901978194473
2,5,B,2.390038299172637,0.9399354614755995,1.760113954405646,-0.9944669078458812,-1.0097124921692346,1.0168891449904627,0.6812699561611205,-1.3034558916752519,2.197481770339294,0.34063497808056026,-0.6517279458376259,1.098740885169647
3,0,A,0.018963649642785074,3.321969035732902e-4,3.106280470077626e-4,0.8743021590304486,0.01842454953147331,0.023241016987236976,-9.328950153631059,-0.28337352968767043,0.6476300562115309,-9.328950153631059,-0.28337352968767043,0.6476300562115309
3,1,B,1.0807230447575045,0.2505072517899948,0.10026938449652578,-0.9209501064845527,0.04766597484749113,-0.9767974305571456,10.458887491168902,4.978198918054543,2.015849257137033,5.229443745584451,2.4890994590272717,1.0079246285685164
3,2,A,0.430501082395269,1.2687910759260606,0.300283747504338,-0.9558167515386962,0.8946189088762657,0.024146371124211807,2.003970242279405,-4.6694754837487,1.0098683497204612,2.003970242279405,-4.6694754837487,1.0098683497204612
3,3,B,0.9000632552189841,0.4803017058115036,1.1295087637803851,0.0038130484294074396,-0.9741229341167834,-1.040625028930342,0.008230116231577878,2.214309381527012,-3.1724833149303864,0.004115058115788939,1.107154690763506,-1.5862416574651932
3,4,A,1.9687413443228032,1.4196473116541393,0.8191737620952144,0.8985342095139126,0.9721081139567156,0.9326275091810998,-3.698530699152127,-0.9805812803472767,-2.513728918103897,-3.698530699152127,-0.9805812803472767,-2.513728918103897
3,5,B,2.3801106618430823,0.9298057501566153,1.7703377828998093,-0.9913727504477166,-1.016118826912915,1.027415010841226,0.5563930031033042,-1.2590780057979076,2.0128645699652576,0.2781965015516521,-0.6295390028989538,1.0064322849826288
4,0,A,0.02724022372540801,5.022737224036397e-4,5.754197196907089e-4,0.7573004735180945,0.0097218543745932,0.028437744388811532,-14.071386948839782,-1.457165501688351,0.39171542410337923,-14.071386948839782,-1.457165501688351,0.39171542410337923
4,1,B,1.0717750158799382,0.25110836651142104,0.09055180642238275,-0.8570147049226096,0.07566144052889023,-0.9664024882642772,15.115273133607785,6.219987354505993,2.1421276600102224,7.557636566803892,3.1099936772529966,1.0710638300051112
4,2,A,0.421043113391996,1.2775037912406357,0.30057570463306615,-0.935050575678667,0.8465050117327455,0.03427834498440363,2.1492649297267663,-4.953303944954525,1.0165264223177224,2.1492649297267663,-4.953303944954525,1.0165264223177224
4,3,B,0.900101591456184,0.47061583420487396,1.1190232014082084,0.003273132030445769,-0.9628252469122273,-1.0561758961867063,-0.22419667581648445,2.3047655002947574,-3.0478635876174236,-0.11209833790824222,1.1523827501473787,-1.5239317938087118
4,4,A,1.9775417598829848,1.429319363729689,0.8283743507411202,0.863176832354362,0.9624329660552822,0.9088414764179598,-3.3729447327588615,-0.9544482999391348,-2.2434776345231913,-3.3729447327588615,-0.9544482999391348,-2.2434776345231913
4,5,B,2.3702108441636827,0.9196130849373412,1.7806622546224706,-0.9889717922047625,-1.0221661096979584,1.036799601555416,0.4039902940805783,-1.1598351082187393,1.74097171570929,0.20199514704028915,-0.5799175541093696,0.870485857854645
5,0,A,0.034109659113146965,5.266339910651542e-4,8.793829347839932e-4,0.5900726021636616,-0.01164180235882774,0.031262907625465235,-19.374187322046822,-2.8155658449958367,0.1733172232273608,-19.374187322046822,-2.8155658449958367,0.1733172232273608
5,1,B,1.0635827506590523,0.2520204806005726,0.08094133473124024,-0.7683230588013346,0.11024893300646821,-0.95553039589229,20.361385314904037,7.615009636525282,2.206709288784627,10.180692657452019,3.807504818262641,1.1033546443923135
5,2,A,0.4118000708816957,1.2857211761607155,0.3009693144040261,-0.9129797240009729,0.7958450756650803,0.04439308558421007,2.264905405812306,-5.178683268579618,1.006421697643494,2.264905405812306,-5.178683268579618,1.006421697643494
5,3,B,0.900128717859593,0.46104520087325906,1.108385245856651,0.001599399294316406,-0.9511207087652629,-1.0709976520175468,-0.44529641863703084,2.3770497584906116,-2.880838744722642,-0.22264820931851542,1.1885248792453058,-1.440419372361321
5,4,A,1.9860048809698905,1.438895970975245,0.8373505916235736,0.8310925674819725,0.9527314399385034,0.8880849233372567,-3.043908241719499,-0.9858569234174556,-1.9078329816170223,-3.043908241719499,-0.9858569234174556,-1.9078329816170223
5,5,B,2.360331225998987,0.9093624279626561,1.7910737749309176,-0.9873690633153354,-1.0275955808635662,1.0446575896363997,0.23710126168700574,-1.011953358022984,1.4022235166841825,0.11855063084350287,-0.505976679011492,0.7011117583420913
6,0,A,0.03904167576868124,2.6943767522708494e-4,0.0012006778722000136,0.37038696948327665,-0.04672374279841222,0.03240763947489698,-24.562939214030244,-4.200822242921058,0.05562914665898763,-24.562939214030244,-4.200822242921058,0.05562914665898763
6,1,B,1.0564085547039115,0.2533133451715504,0.07144119850453695,-0.6536286856609452,0.15181104301215387,-0.9446552557024303,25.516363941253488,9.00983436574894,2.143346787159435,12.758181970626744,4.50491718287447,1.0716733935797176
6,2,A,0.40278351891197656,1.2934206927539373,0.30146356634475036,-0.8898711204037457,0.7431840361726838,0.054343089054476046,2.3568153136334553,-5.353524629900866,0.983578996409827,2.3568153136334553,-5.353524629900866,0.983578996409827
6,3,B,0.9001335794420703,0.4515934200295687,1.0976032483678575,-0.0011515036655806998,-0.9390924132016976,-1.0848811897480326,-0.6550647653234687,2.434268466935746,-2.672576347472575,-0.32753238266173434,1.217134233467873,-1.3362881737362875
6,4,A,1.9941636112326242,1.448373992528459,0.8461360492078653,0.8022582728675176,0.94247631186124,0.870900439646416,-2.7229506811685034,-1.0651686920358299,-1.5290637565515235,-2.7229506811685034,-1.0651686920358299,-1.5290637565515235
6,5,B,2.350463462897376,0.8990611733200699,1.8015554064151986,-0.9866068716470222,-1.0321869324281918,1.0507108613625915,0.06777540563526874,-0.8245872678269318,1.0190851737958484,0.03388770281763437,-0.4122936339134659,0.5095425868979242
7,0,A,0.0415173985028125,-4.0784086490309015e-4,0.0015275357242819328,0.10440914557816108,-0.09452180469754712,0.03317334421159221,-28.632625566992903,-5.358790136905923,0.09751180068005676,-28.632625566992903,-5.358790136905923,0.09751180068005676
7,1,B,1.0505101769458334,0.25505670146081566,0.062048229617191634,-0.5159125850363155,0.1997194708349609,-0.9345704554108353,29.57007630859954,10.153536763373761,1.890573329478613,14.78503815429977,5.076768381686881,0.9452866647393064
7,2,A,0.39400264847362076,1.3005848568841691,0.3020561761851156,-0.8659382280313682,0.6889952595483639,0.06401845538941964,2.4297631608423793,-5.484230694962631,0.9514942705789912,2.4297631608423793,-5.484230694962631,0.9514942705789912
7,3,B,0.9001056877862814,0.4422633526092251,1.0866876220616903,-0.0049234931271291416,-0.9268090809316315,-1.0976230435369883,-0.8537310192979263,2.4790644410908733,-2.4241651681087726,-0.42686550964896314,1.2395322205454367,-1.2120825840543863
7,4,A,2.002050046427241,1.4577454972124697,0.8547686004165019,0.7765457620347749,0.9312450467936495,0.8576100349344307,-2.4195514853786317,-1.181084321482404,-1.1290171858453726,-2.4195514853786317,-1.181084321482404,-1.1290171858453726
7,5,B,2.3405990885660466,0.8887186893140923,1.8120879921581694,-0.9866722616273638,-1.0357696407255423,1.0547925816801196,-0.09393139777245613,-0.6084960511136767,0.613602953216484,-0.04696569888622806,-0.30424802555683833,0.306801476608242
8,0,A,0.04112985868024446,-0.0016209984187238575,0.0018641447564318578,-0.1915329787509395,-0.15136663259446753,0.035263022617236704,-30.55579929882725,-6.010175442478158,0.3204238804488402,-30.55579929882725,-6.010175442478158,0.3204238804488402
8,1,B,1.0460903030031852,0.2573077345882496,0.052749789396320246,-0.36325910281468365,0.252027486506487,-0.9262796855570129,31.49131658005648,10.769669505236696,1.4257346120504442,15.74565829002824,5.384834752618348,0.7128673060252221
8,2,A,0.3854647543513492,1.3072005979449046,0.30274393545253875,-0.8413519374655093,0.6336932476609491,0.07334142370935548,2.4874949523298575,-5.576171682519083,0.9130993934080486,2.4874949523298575,-5.576171682519083,0.9130993934080486
8,3,B,0.9000351095795277,0.4330572384109361,1.0756507874971177,-0.009662599742094047,-0.9143280481333615,-1.1090273966324005,-1.0419116266897919,2.513348678217029,-2.137576070055963,-0.5209558133448959,1.2566743391085144,-1.0687880350279815
8,4,A,2.0096945264733197,1.466998893464332,0.863288249906554,0.7537449501570537,0.9187300848690905,0.8483291060499665,-2.1406108901654304,-1.3219080634303064,-0.7271685910471797,-2.1406108901654304,-1.3219080634303064,-0.7271685910471797
8,5,B,2.3307300176648287,0.878345780505559,1.822651258048801,-0.9875083144135433,-1.0382277883408897,1.05684030600115,-0.2404897167038622,-0.3747629950261759,0.20548677519580963,-0.1202448583519311,-0.18738149751308794,0.10274338759790481
9,0,A,0.03768673892779371,-0.0034351735167924406,0.002232796176626667,-0.4931594947521045,-0.2113056366789306,0.040292385491160244,-29.769503901405752,-5.977625374414442,0.685448694335871,-29.769503901405752,-5.977625374414442,0.685448694335871
9,1,B,1.0432449948895397,0.2600972511909454,0.04352263590605138,-0.20774430549452827,0.3056618174547221,-0.9207430173798791,30.714602348006625,10.684062874058052,0.7889326588030882,15.357301174003313,5.342031437029026,0.3944663294015441
9,2,A,0.3771756097243106,1.3132587218373881,0.3035230046593027,-0.8162499244588672,0.5776411504418766,0.08226055640103702,2.5329076489985605,-5.634247761293751,0.8707271449279265,2.5329076489985605,-5.634247761293751,0.8707271449279265
9,3,B,0.8999124357914395,0.4239767916465579,1.0645070741290423,-0.015319015748127551,-0.9016993058312439,-1.1189128822092775,-1.22065477572459,2.5381482426304975,-1.8166181606942264,-0.610327387862295,1.2690741213152488,-0.9083090803471132
9,4,A,2.017124945430382,1.4761200989098515,0.8717351825375013,0.7335900995347089,0.9047376209157854,0.8429962656744672,-1.8903592343034115,-1.47658472723215,-0.33939948405275044,-1.8903592343034115,-1.47658472723215,-0.33939948405275044
9,5,B,2.3208489222777757,0.8679541335472745,1.8332247982781924,-0.9890270189192307,-1.0394990789628245,1.0568812958058338,-0.36699208557143015,-0.13375325374820832,-0.1890908533199086,-0.18349604278571507,-0.06687662687410416,-0.0945454266599543
10,0,A,0.03126666878520237,-0.005847111152302469,0.0026699924662550627,-0.7744915127335184,-0.2676071886205324,0.04924603537339602,-26.49689969487698,-5.282685013905903,1.1052812821112865,-26.49689969487698,-5.282685013905903,1.1052812821112865
10,1,B,1.0419354168932946,0.26342097093734407,0.034334929048722665,-0.06230409710803464,0.35717749065083126,-0.9185917670090471,27.461481006591196,9.92220640438615,0.071567489529623,13.730740503295598,4.961103202193075,0.0357837447648115
10,2,A,0.36913975586217185,1.3187534209537422,0.3043891465805595,-0.7907441473072818,0.5211531822216786,0.09074470005845381,2.568247781318085,-5.663345882744537,0.826101586555051,2.568247781318085,-5.663345882744537,0.826101586555051
10,3,B,0.8997287292645652,0.4150232522943112,1.0532725298529322,-0.021848903113591556,-0.8889697789187551,-1.1271230606198834,-1.3913001704622572,2.5536625223656753,-1.4674532035482655,-0.6956500852311286,1.2768312611828376,-0.7337266017741327
10,4,A,2.024366328464014,1.4850936458826478,0.8801481752200433,0.7157852546457066,0.8891775378691236,0.8414117506795937,-1.6706097434998464,-1.6354318821011198,0.022496485078433714,-1.6706097434998464,-1.6354318821011198,0.022496485078433714
10,5,B,2.310949477286444,0.8575557989263025,1.8437888839649177,-0.9911217970808517,-1.0395694774671949,1.0550135845732167,-0.4709191790701974,0.10559385199973424,-0.5579936397261286,-0.2354595895350987,0.05279692599986712,-0.2789968198630643
11,0,A,0.02219690867312334,-0.008787317289203088,0.0032177168840945873,-1.0150604247727908,-0.3146651841340643,0.06220603250562617,-21.616882712977507,-4.128914088800473,1.4867181443347435,-21.616882712977507,-4.128914088800473,1.4867181443347435
11,1,B,1.041998912947379,0.267240801003962,0.025150800565870435,0.06287388480674672,0.4037138451290889,-0.9199786906951033,22.609711759320653,8.692335386916762,-0.6263369639521461,11.304855879660327,4.346167693458381,-0.31316848197607305
11,2,A,0.36136072677816494,1.3236817854818217,0.3053378986604718,-0.7649263943463519,0.46449385789558706,0.09877712533396255,2.59530281086787,-5.6685189824728575,0.7803834685463987,2.59530281086787,-5.6685189824728575,0.7803834685463987
11,3,B,0.8994754577291677,0.4061973960681828,1.0419646129166447,-0.029215152882777762,-0.8761868086951452,-1.133537757627523,-1.5551997372123725,2.559525567078506,-1.0984255995105616,-0.7775998686061862,1.279762783539253,-0.5492127997552808
11,4,A,2.031440650523296,1.493903649667234,0.8885634175510931,0.7000260968320182,0.8720475775564451,0.8432778094530913,-1.4812218192380429,-1.7905601804356257,0.350715269621226,-1.4812218192380429,-1.7905601804356257,0.350715269621226
11,5,B,2.3010264863361587,0.8471627439979306,1.8543250699696567,-0.9936783707804375,-1.0384651620929108,1.0513859646763102,-0.5517103007606077,0.33613229771368885,-0.8930543190396603,-0.27585515038030384,0.16806614885684443,-0.44652715951983013
12,0,A,0.010965460289746556,-0.012140414834983754,0.003914113116367586,-1.2041530145095116,-0.349256104245586,0.07848867503376807,-16.20163523436667,-2.7892699335038715,1.76981036129364,-16.20163523436667,-2.7892699335038715,1.76981036129364
12,1,B,1.0431928945894295,0.27149524783992585,0.0159353552348206,0.1624742099705312,0.4436256739147687,-0.9246346507173056,17.230418306192217,7.272396127354363,-1.2360470449288157,8.615209153096108,3.6361980636771816,-0.6180235224644078
12,2,A,0.3538412279752448,1.328043298111654,0.30636468908723874,-0.7388721209730192,0.4078769395460924,0.10635041216364716,2.615551863798897,-5.654864687426452,0.734273897390314,2.615551863798897,-5.654864687426452,0.734273897390314
12,3,B,0.8991444262069096,0.3974995161204083,1.0306017747003817,-0.03738673608194576,-0.8634000891208332,-1.1380822273519997,-1.713433542453635,2.5551622626465034,-0.7193622902820372,-0.8567167712268176,1.2775811313232517,-0.3596811451410186
12,4,A,2.0383668504006542,1.5025345974337767,0.8970137314091051,0.6860167809933815,0.8534147004516046,0.8482361536725325,-1.3206413484863886,-1.9360152405324902,0.6409535742663658,-1.3206413484863886,-1.9360152405324902,0.6409535742663658
12,5,B,2.2910759098708353,0.8367864956844443,1.864816603258444,-0.9965832966440491,-1.0362433526699744,1.046179257634372,-0.6102600446844273,0.5525914714619464,-1.1896284977394669,-0.30513002234221365,0.2762957357309732,-0.5948142488697334
13,0,A,-0.0018861516170668939,-0.015772439374114808,0.004787490384769949,-1.3406478678297187,-0.37066548321842263,0.09703080754053946,-11.097335429674736,-1.492605861063443,1.9386161400606405,-11.097335429674736,-1.492605861063443,1.9386161400606405
13,1,B,1.0452483971467896,0.2761133144822574,0.006658107551524322,0.2359716325656569,0.47654662881617404,-0.9320542935059991,12.168550731858605,5.895985833207148,-1.7318100705485213,6.084275365929303,2.947992916603574,-0.8659050352742607
13,2,A,0.34658328435870456,1.3318393242727435,0.30746490690374473,-0.712643052384887,0.3514664165771286,0.11346251667521401,2.630261853827466,-5.627239906366972,0.6881470049229824,2.630261853827466,-5.627239906366972,0.6881470049229824
13,3,B,0.8987277230075288,0.3889293942857661,1.0192029683696047,-0.04633689905743643,-0.8506619235707585,-1.1407324630130167,-1.8666316477414702,2.540103957383714,-0.34073197412489076,-0.9333158238707351,1.270051978691857,-0.17036598706244538
13,4,A,2.0451609861431637,1.510971943676266,0.9055281406245438,0.6734815024995289,0.8333961291772773,0.8558995715246265,-1.1864143502808244,-2.0676990143326446,0.8917299961516117,-1.1864143502808244,-2.0676990143326446,0.8917299961516117
13,5,B,2.2810948204032777,0.8264378769445311,1.8752486551223442,-0.9997300246507246,-1.0329832365133906,1.0395903086488745,-0.6484311579890403,0.751454991172198,-1.445951096461823,-0.32421557899452014,0.375727495586099,-0.7229755482309115
14,0,A,-0.015847497066847818,-0.019553724499352207,0.005854729267178375,-1.4299679991815437,-0.37999599529786043,0.11676513243680924,-6.766690840690285,-0.37349655482411254,2.008248839193316,-6.766690840690285,-0.37349655482411254,2.008248839193316
14,1,B,1.0479123272407427,0.2810261804162493,-0.002705730635299381,0.28610633696354304,0.5030408744948783,-0.9416805365589573,7.8853310272938515,4.701712438273711,-2.1186871506347833,3.9426655136469257,2.3508562191368556,-1.0593435753173917
14,2,A,0.33958836692754707,1.3350726264431965,0.308633939420743,-0.6862890559243079,0.29538028431668195,0.1201141193777372,2.6405374382879794,-5.589986545722869,0.642173535581799,2.6405374382879794,-5.589986545722869,0.642173535581799
14,3,B,0.8982176882257609,0.3804862776489931,1.0077871254401214,-0.05604079292527153,-0.8380261764623836,-1.141516708952356,-2.0149258993918435,2.5141948859661465,0.027033598388810948,-1.0074629496959218,1.2570974429830732,0.013516799194405474
14,4,A,2.051836480450645,1.5192025200173223,0.9141317228395976,0.6621713580683863,0.8121419166082666,0.8658765751098751,-1.075614535947873,-2.183143499469629,1.1036707208978478,-1.075614535947873,-2.183143499469629,1.1036707208978478
14,5,B,2.271081309377821,0.8161268309541765,1.8856084094314214,-1.0030226955195731,-1.0287778008460202,1.0318193320491553,-0.6686371895518286,0.9307192757767533,-1.6624395434269905,-0.3343185947759143,0.46535963788837664,-0.8312197717134953
15,0,A,-0.03048551160069777,-0.023372359280072016,0.007122793033506133,-1.4805313576191257,-0.37926442391538906,0.13683756735618507,-3.3459808468261283,0.5198108313183751,2.0062381446818507,-3.3459808468261283,0.5198108313183751,2.0062381446818507
15,1,B,1.0509705238860605,0.28617413197215497,-0.012175503179654823,0.317107954019491,0.5241473447047174,-0.9530133697980623,4.515315795085852,3.7408756456613603,-2.4144461450073122,2.257657897542926,1.8704378228306802,-1.2072230725036561
15,2,A,0.3328575032402184,1.3377469299590772,0.30986718929129947,-0.6598496532202652,0.23969649802727533,0.12630704948834726,2.647343102520224,-5.546770712158587,0.5964124865406586,2.647343102520224,-5.546770712158587,0.5964124865406586
15,3,B,0.8976069071490234,0.37216887075651844,0.9963726341905575,-0.06647309661386158,-0.8255464544307228,-1.140514174239271,-2.1579955760440965,2.4776939266978912,0.37398028684458573,-1.0789977880220483,1.2388469633489456,0.18699014342229286
15,4,A,2.0584044133045314,1.5272147820084314,0.9228456721267413,0.6518674596683649,0.7898201470283639,0.877789205591134,-0.9851651440599746,-2.28121041650945,1.2788553753540517,-0.9851651440599746,-2.28121041650945,1.2788553753540517
15,5,B,2.2610343664928862,0.8058623209276107,1.8958850417633273,-1.0063780818201362,-1.0237270008441046,1.0230606328195502,-0.6735173306758748,1.08960072499041,-1.8410401484138346,-0.3367586653379374,0.544800362495205,-0.9205200742069173
16,0,A,-0.04545812421923033,-0.027139012977659988,0.008591480614302077,-1.501141090139717,-0.37069520300112224,0.15666689900453243,-0.7759656572922012,1.1940333515349952,1.9596281849876307,-0.7759656572922012,1.1940333515349952,1.9596281849876307
16,1,B,1.0542544863211325,0.2915091273103437,-0.021765998031260628,0.33338969152241216,0.5410213926171165,-0.9656419953922333,1.9973792060836353,3.0087435192982492,-2.6370040926611127,0.9986896030418176,1.5043717596491246,-1.3185020463305563
16,2,A,0.32639137386314176,1.339866556403742,0.31116008041050996,-0.6333553714096329,0.18445990874188523,0.13204345045167432,2.6515132596063418,-5.500547144917978,0.5508677061250775,2.6515132596063418,-5.500547144917978,0.5508677061250775
16,3,B,0.8968882262934836,0.36397534856037866,0.984976841955336,-0.07760599068532548,-0.8132739536808209,-1.1378519501615614,-2.2951620525413947,2.43130637326275,0.6909093442383605,-1.1475810262706974,1.215653186631375,0.34545467211918024
16,4,A,2.064873829644012,1.5349989229578895,0.9316875069514203,0.6423813307054882,0.766605211711846,0.8912848281568575,-0.9120606485164728,-2.3617766467941532,1.420269137790295,-0.9120606485164728,-2.3617766467941532,1.420269137790295
16,5,B,2.250953747741418,0.7956522909372944,1.9060696220878124,-1.0097261354151676,-1.0179323976625854,1.013496356747312,-0.6657041073399081,1.2282405476161362,-1.9846702804802505,-0.3328520536699541,0.6141202738080681,-0.9923351402401253
17,0,A,-0.06050833340349211,-0.03078626334009446,0.010256131013596782,-1.4995928942327257,-0.35631765830664386,0.17591241145339154,1.085604838690453,1.6814755873607024,1.8894743047842089,1.085604838690453,1.6814755873607024,1.8894743047842089
17,1,B,1.0576383177165087,0.2969945598244973,-0.03148834308749949,0.3388514310198487,0.5547281719854497,-0.9792324674174506,0.18731659289172514,2.4739682280349578,-2.7991847174258613,0.09365829644586257,1.2369841140174789,-1.3995923587129306
17,2,A,0.32019039581202574,1.3414361281339149,0.31250805830033296,-0.6068290074269539,0.12968911491270108,0.13732537651846566,2.653759536929842,-5.453611620918215,0.5055175072333806,2.653759536929842,-5.453611620918215,0.5055175072333806
17,3,B,0.8960547873353168,0.355903391682902,0.9736155951873263,-0.08940765419731544,-0.8012552498821018,-1.1337006901438407,-2.4255033522545704,2.3761751462246767,0.969594662848852,-1.2127516761272852,1.1880875731123384,0.484797331424426
17,4,A,2.071252039918641,1.5425468862426683,0.9406713686898784,0.633553500647599,0.7426691059512214,0.9060430436053424,-0.853505363060441,-2.425444505331168,1.5313739519064327,-0.853505363060441,-2.425444505331168,1.5313739519064327
17,5,B,2.240839843784583,0.785503672974359,1.9161549688982735,-1.0130095763165148,-1.011493203381969,1.0032927417727433,-0.6476722531970092,1.3474371646290468,-2.0967757093470136,-0.3238361265985046,0.6737185823145234,-1.0483878546735068
18,0,A,-0.07544998210388484,-0.034265366143792865,0.012109728843369907,-1.482186343733196,-0.3378046798957972,0.19441018615683542,2.39570526121549,2.0211200948086803,1.8100806359045687,2.39570526121549,2.0211200948086803,1.8100806359045687
18,1,B,1.0610315149415295,0.30260369075005267,-0.04135064737960964,0.33663530010208387,0.5661571094156465,-0.9935009330973483,-1.0737689599956912,2.097606744044046,-2.9082015545332878,-0.5368844799978456,1.048803372022023,-1.4541007772666439
18,2,A,0.3142547937146027,1.342460338701996,0.3139065879408793,-0.5802868154603735,0.0753825738780689,0.1421546013878089,2.6546788563862918,-5.40769658600735,0.46032746663558743,2.6546788563862918,-5.40769658600735,0.46032746663558743
18,3,B,0.8951000732095373,0.3479502435627366,0.9623028281524592,-0.10184134864899552,-0.789530198213978,-1.1282691988260707,-2.5479744284184527,2.313845521024542,1.2030018642579743,-1.2739872142092263,1.156922760512271,0.6015009321289871
18,4,A,2.077544899656964,1.549852305076914,0.9498083678235272,0.6252510303927039,0.7181754004442986,0.9217788757571177,-0.806988687919946,-2.473296596052342,1.61579247844922,-0.806988687919946,-2.473296596052342,1.61579247844922
18,5,B,2.230693556215088,0.775422426869655,1.9261354769232673,-1.0161828870526746,-1.0045035584149375,0.9925983002725847,-0.6216520412676918,1.4484208221824235,-2.181000890714062,-0.3108260206338459,0.7242104110912118,-1.090500445357031
19,0,A,-0.09015206027815603,-0.037542356938010404,0.01414433473673349,-1.4537366631949913,-0.31645315975344507,0.21211174923917953,3.2942308464255308,2.249183933661751,1.7302319805642248,3.2942308464255308,2.249183933661751,1.7302319805642248
19,1,B,1.0643710237185504,0.3083177020128102,-0.051358361749446454,0.32913197141621886,0.5760079091854747,-1.0081892835741866,-1.9275625143495887,1.8427131638880925,-2.967138636202011,-0.9637812571747943,0.9213565819440462,-1.4835693181010055
19,2,A,0.30858465950281827,1.3429437796114763,0.31535115032808914,-0.5537396070797312,0.021523705412795913,0.14653251022177793,2.6547628197418622,-5.364077107046901,0.41525430015850134,2.6547628197418622,-5.364077107046901,0.41525430015850134
19,3,B,0.8940179603623369,0.34011278771862247,0.9510502112108049,-0.11486509963020697,-0.7781300677492275,-1.121797890085191,-2.6615259640678963,2.246206664874959,1.3855216320931634,-1.3307629820339482,1.1231033324374795,0.6927608160465817
19,4,A,2.0837570605264952,1.5569103942515543,0.9591069462050208,0.6173645108788817,0.6932754121801166,0.9382432830906673,-0.7703152148457799,-2.5067010567828016,1.677088988261141,-0.7703152148457799,-2.5067010567828016,1.677088988261141
19,5,B,2.2205161860435294,0.7654136018060602,1.9360069349037252,-1.0192109920881043,-0.9970508203559658,0.9815434023836112,-0.5895899729041283,1.5326744014049,-2.2409582648750197,-0.29479498645206414,0.76633720070245,-1.1204791324375099
20,0,A,-0.10452471536778467,-0.040594429338861766,0.016351963828153498,-1.4177957669890766,-0.29322897153653305,0.2290370414856353,3.8939483947574,2.3956537097206168,1.6548264687268794,3.8939483947574,2.3956537097206168,1.6548264687268794
20,1,B,1.0676141543698539,0.31412384893376216,-0.06151443305109337,0.3180920807076659,0.5848096219481652,-1.0230491734323437,-2.488393769069347,1.6779719411889247,-2.9768173070606645,-1.2441968845346736,0.8389859705944623,-1.4884086535303322
20,2,A,0.30318000157300806,1.342890812810252,0.31683723814531484,-0.5271937546263039,-0.03191502377428712,0.15046001003344855,2.6544076709432742,-5.323668730369873,0.37024566217596516,2.6544076709432742,-5.323668730369873,0.37024566217596516
20,3,B,0.8928027712169332,0.3323876422077521,0.9398668703507553,-0.12843195386574857,-0.7670760264776144,-1.1145510985263507,-2.7652157301501235,2.175409843770024,1.51319499144288,-1.3826078650750617,1.087704921885012,0.75659749572144
20,4,A,2.0898921898745417,1.5637178133205163,0.9685732334853405,0.6098049110520698,0.66810608342035,0.9552218688842706,-0.7416047505140688,-2.5271646951701205,1.7186281704595736,-0.7416047505140688,-2.5271646951701205,1.7186281704595736
20,5,B,2.2103093363733257,0.7554814104625357,1.9457663449709395,-1.0220678215602907,-0.9892146395252988,0.9702408117570616,-0.5531418159671357,1.6017979308604282,-2.2800779857446334,-0.27657090798356787,0.8008989654302141,-1.1400389928723167
21,0,A,-0.11850797561793756,-0.043406936368741066,0.018725075566446196,-1.3769216345324915,-0.26883137504368493,0.2452424935011431,4.280878096559843,2.483865588848997,1.586263934374668,4.280878096559843,2.483865588848997,1.586263934374668
21,1,B,1.0707328653327037,0.32001389445177353,-0.07181934521809333,0.30476225557494185,0.5929502906009493,-1.0378346396256781,-2.8435362840189895,1.5782955199254871,-2.937369170273073,-1.4217681420094948,0.7891477599627436,-1.4686845851365364
21,2,A,0.2980407844102922,1.3423054791359905,0.3183603505287581,-0.5006520970173955,-0.0849689146725785,0.1539374303165919,2.653923850838112,-5.287109449287164,0.32523839445320635,2.653923850838112,-5.287109449287164,0.32523839445320635
21,3,B,0.891449321285022,0.3247712671890702,0.9287591892402779,-0.14249075765772612,-0.7563780898025618,-1.106808378941615,-2.858305786640967,2.1037648262508446,1.5838928424513496,-1.4291528933204836,1.0518824131254223,0.7919464212256748
21,4,A,2.0959531587475366,1.5702725159199613,0.9782113835827062,0.6025005180440024,0.642789122506926,0.9725324758899478,-0.7192738510961889,-2.536227487514859,1.7434932306755688,-0.7192738510961889,-2.536227487514859,1.7434932306755688
21,5,B,2.2000748296123236,0.7456293090155542,1.9554117511388664,-1.024734891164325,-0.9810666171937044,0.9587868187134974,-0.5136860256418088,1.6574110017766948,-2.30151923168172,-0.2568430128209044,0.8287055008883474,-1.15075961584086
22,0,A,-0.1320631480584345,-0.045971056839735465,0.02125681369817636,-1.3329244635023754,-0.2437553633617577,0.26080103228604284,4.518556109463551,2.531336747536464,1.5254438226052944,4.518556109463551,2.531336747536464,1.5254438226052944
22,1,B,1.0737093994813527,0.32598285474578115,-0.08227112584360693,0.2900098997559053,0.6007064594487216,-1.0523013952960798,-3.0574060435953068,1.5241720191833437,-2.849333097887734,-1.5287030217976534,0.7620860095916718,-1.424666548943867
22,2,A,0.29316695963266015,1.3411914345168003,0.3199159867516467,-0.4741147562846604,-0.1376785823301474,0.1569644039811302,2.653544295708894,-5.254824082226555,0.2801563384546545,2.653544295708894,-5.254824082226555,0.2801563384546545
22,3,B,0.8899529560637787,0.31726008041170084,0.917730702771923,-0.15698736813166136,-0.7460346282120917,-1.0988551160431403,-2.9403384029329964,2.033619809937082,1.597412316937535,-1.4701692014664982,1.016809904968541,0.7987061584687675
22,4,A,2.1019422002354218,1.5765735957706548,0.9880238830031395,0.5953941123339357,0.6174310319969512,0.9900221766651507,-0.7020072909162669,-2.5353906144789287,1.7544469243646275,-0.7020072909162669,-2.5353906144789287,1.7544469243646275
22,5,B,2.189814638550039,0.7358600781186616,1.9649420813452094,-1.0271999778977525,-0.9726703743891396,0.9472627048731086,-0.47234866772787465,1.7010861200485936,-2.3081263044743774,-0.23617433386393732,0.8505430600242968,-1.1540631522371887
23,0,A,-0.14516646488798507,-0.04828204363597622,0.023941096212167053,-1.2870665914775246,-0.21834400767440781,0.2757903500405839,4.653018295506625,2.550934389933536,1.4724197283029106,4.653018295506625,2.550934389933536,1.4724197283029106
23,1,B,1.0765330633278218,0.33202802364074796,-0.09286537312401492,0.2744251202379644,0.6082685601546706,-1.0662104723314407,-3.1765057635790424,1.5006682631961077,-2.714297716256746,-1.5882528817895212,0.7503341315980538,-1.357148858128373
23,2,A,0.288558489284599,1.3395519074893876,0.3214996386083807,-0.4475798805226444,-0.19008806383713495,0.15953972609893396,2.65343085669467,-5.227072219172519,0.2349080851059684,2.65343085669467,-5.227072219172519,0.2349080851059684
23,3,B,0.8883095739223887,0.30985057462482835,0.9067820869194151,-0.1718661753378259,-0.7360324940474144,-1.0909729266169843,-3.011184479533374,1.967233855934108,1.555463453525035,-1.505592239766687,0.983616927967054,0.7777317267625175
23,4,A,2.1078610409942153,1.5826211365599003,0.9980118271160092,0.5884404495853257,0.5921237267546342,1.0075640220783832,-0.6887252588052083,-2.5260704339826074,1.7539221582823439,-0.6887252588052083,-2.5260704339826074,1.7539221582823439
23,5,B,2.1795308300543685,0.7261759015277715,1.9743570052363286,-1.0294559336927689,-0.9640818937287854,0.9357363498395221,-0.43003365028366963,1.7343061440913738,-2.302415708959512,-0.21501682514183482,0.8671530720456869,-1.151207854479756
24,0,A,-0.157804479887985,-0.05033793699322362,0.026772620698988038,-1.2402152935373236,-0.19282940096020454,0.29028646625679966,4.717241292533509,2.551986952907149,1.4268035149402252,4.717241292533509,2.551986952907149,1.4268035149402252
24,1,B,1.079197901886112,0.33814822594887456,-0.10359533529023575,0.25839921850002723,0.6157614157953128,-1.07933414913804,-3.233854931595625,1.496473993060862,-2.5351730063831224,-1.6169274657978125,0.748236996530431,-1.2675865031915612
24,2,A,0.28421536202220726,1.3373896732400576,0.32310678127362535,-0.42104433419999643,-0.2422433342474828,0.1616611899851017,2.6536784078349545,-5.203981862896933,0.18938469212762093,2.6536784078349545,-5.203981862896933,0.18938469212762093
24,3,B,0.8865156325570221,0.30253943053075255,0.8959112442395833,-0.187071787863613,-0.7263477770951876,-1.0834304267670902,-3.0710605307817684,1.9066529249563642,1.4615364864328244,-1.5355302653908842,0.9533264624781821,0.7307682432164122
24,4,A,2.1137110092271283,1.5884160703057475,1.0081751634447071,0.5816040731046579,0.5669455158802794,1.0250537919225255,-0.6785500373293459,-2.509571740887982,1.744031810546526,-0.6785500373293459,-2.509571740887982,1.744031810546526
24,5,B,2.169225519876184,0.7165784402440859,1.9836568083419999,-1.0314996533201226,-0.9553500290364059,0.9242638518229596,-0.38745420066172365,1.7584397328605408,-2.2865834976640738,-0.19372710033086182,0.8792198664302704,-1.1432917488320369
25,0,A,-0.16997077075873154,-0.05213863165518031,0.029746825537303047,-1.1929556442930949,-0.1673634443371215,0.30436049880163196,4.734688556311994,2.541204371709459,1.3880029940262304,4.734688556311994,2.541204371709459,1.3880029940262304
25,1,B,1.0817010476978224,0.3443432519566542,-0.11445205610677572,0.24218319644961905,0.6232603785136431,-1.0914625409166385,-3.2525538885687872,1.5031110942710915,-2.316183705056417,-1.6262769442843936,0.7515555471355457,-1.1580918525282085
25,2,A,0.28013760260059906,1.334707040804438,0.32473286240808275,-0.3945043605177917,-0.2941910981028584,0.1633253997336076,2.654316328605652,-5.185570908177915,0.14345725757346278,2.654316328605652,-5.185570908177915,0.14345725757346278
25,3,B,0.8845681381651165,0.2953236190829246,0.8851134783840733,-0.20255072285431108,-0.7169471434362418,-1.076474939837102,-3.120513465496869,1.853600538621806,1.3206582855609472,-1.5602567327484345,0.926800269310903,0.6603291427804736
25,4,A,2.1194931224563085,1.593960046877506,1.0185129029544597,0.5748574507996151,0.5419622828948478,1.0424069015159798,-0.670774423683126,-2.487074856199373,1.7265901081432282,-0.670774423683126,-2.487074856199373,1.7265901081432282
25,5,B,2.158900836987966,0.7070689009470433,1.9928422822727878,-1.033331196589704,-0.9465171053048171,0.9128910807281843,-0.3451631071688639,1.77472975977493,-2.262524940247452,-0.17258155358443195,0.887364879887465,-1.131262470123726
26,0,A,-0.1816635927738469,-0.05368520587996605,0.03285983067502068,-1.1456722627957148,-0.14204046861503278,0.3180772886011072,4.721987743163935,2.5233907727082645,1.3553549658688226,4.721987743163935,2.5233907727082645,1.3553549658688226
26,1,B,1.0840415658151044,0.3506134335191474,-0.12542458610856852,0.22593054769879384,0.6308039490239059,-1.1024096769844531,-3.2485056117616766,1.5143171098342365,-2.062670722069324,-1.6242528058808383,0.7571585549171183,-1.031335361034662
26,2,A,0.27632527481185143,1.3315058512780005,0.3263732892682975,-0.3679562434245637,-0.34597774364192313,0.16452755695108012,2.6553070900395754,-5.171758199636315,0.09697418592106602,2.6553070900395754,-5.171758199636315,0.09697418592106602
26,3,B,0.8824646180999359,0.2882004876620277,0.8743817454428413,-0.21825294591640843,-0.7077896623792324,-1.0703256383183979,-3.16037575934029,1.8093918841825762,1.1390623219199507,-1.580187879670145,0.9046959420912881,0.5695311609599754
26,4,A,2.1252081582431206,1.5992553159636445,1.0290233014750267,0.5681794131558116,0.5172287472834936,1.0595555526500045,-0.6648331050811402,-2.4596322660725205,1.7031401186601247,-0.6648331050811402,-2.4596322660725205,1.7031401186601247
26,5,B,2.1485588959443898,0.6976480981379896,2.0019146299565636,-1.0349530552501873,-0.9376195541579202,0.901655116201816,-0.3035803570204043,1.784290698983758,-2.23186087030064,-0.15179017851020216,0.892145349491879,-1.11593043515032
27,0,A,-0.19288421601464584,-0.054979441027480966,0.03610837130932519,-1.0986078735046603,-0.11691363242237705,0.3314950381504055,4.690890115046918,2.501976465822858,1.328194943990858,4.690890115046918,2.501976465822858,1.328194943990858
27,1,B,1.0862196586517983,0.35695933093713234,-0.1365002496464648,0.2097281829364861,0.638403672082069,-1.1120182959095837,-3.2324402931626053,1.5255721134314943,-1.780776847982993,-1.6162201465813026,0.7627860567157472,-0.8903884239914965
27,2,A,0.2727784777321078,1.3277874859315995,0.32802341354710435,-0.3413969997265148,-0.39764836139515314,0.16526121768600244,2.656541649570027,-5.162365351009921,0.04975796106364035,2.656541649570027,-5.162365351009921,0.04975796106364035
27,3,B,0.8802030792467883,0.28116782583533995,0.8637069656177053,-0.23413312636561545,-0.6988289916593254,-1.0651684646415194,-3.1916964203406124,1.7748764037808948,0.9238071488309676,-1.5958482101703062,0.8874382018904474,0.4619035744154838
27,4,A,2.1308567107194247,1.6043046218231758,1.0397040140074598,0.5615538601048353,0.4927897280995963,1.076446171473,-0.6602775051164181,-2.4281715707077383,1.6749836459389655,-0.6602775051164181,-2.4281715707077383,1.6749836459389655
27,5,B,2.1382017758829623,0.6883165098638849,2.010875384596824,-1.036369550007743,-0.9286885475637552,0.8905855468964496,-0.26301754599731,1.788111938682412,-2.1959668518414386,-0.131508772998655,0.894055969341206,-1.0979834259207193
28,0,A,-0.2036357502439401,-0.05602347852841359,0.03948973143802879,-1.0519050287085399,-0.09200671653564405,0.3446654614028138,4.649678844177045,2.479406711523726,1.305889706490831,4.649678844177045,2.479406711523726,1.305889706490831
28,1,B,1.088236129473834,0.3633815069607888,-0.1476649520267602,0.19361857676896133,0.6460519307854518,-1.1201629425768744,-3.211402173847733,1.5337313679223452,-1.477081818933609,-1.6057010869238666,0.7668656839611726,-0.7385409094668045
28,2,A,0.26949733481732113,1.3235528840500974,0.32967851362201755,-0.31482513509782095,-0.449245737679993,0.16551801359537266,2.657831276168923,-5.157109905957201,0.0016012208105282422,2.657831276168923,-5.157109905957201,0.0016012208105282422
28,3,B,0.8777819555726236,0.2742239078288412,0.8530783761500109,-0.25015150456976776,-0.6900157771086907,-1.0611529907179396,-3.2156548613195883,1.7504094164738289,0.6823824206001066,-1.6078274306597942,0.8752047082369144,0.3411912103000533
28,4,A,2.1364392354452173,1.6091111105256364,1.0505522249044867,0.55496870168672,0.4686813584324434,1.0930371452885668,-0.6567541785058407,-2.3935023627225913,1.6432111171745496,-0.6567541785058407,-2.3935023627225913,1.6432111171745496
28,5,B,2.127831504944235,0.6790743271867145,2.0197263408944925,-1.0375863411394182,-0.9197506057851468,0.8797056231514944,-0.22369890667280487,1.787064772759892,-2.156002646142406,-0.11184945333640244,0.893532386379946,-1.078001323071203
29,0,A,-0.21392231658881664,-0.05681957535819385,0.043001680537381466,-1.0056357819184458,-0.06732257148940358,0.35763415295673795,4.604170513841627,2.4574222977244022,1.2878486042940434,4.604170513841627,2.4574222977244022,1.2878486042940434
29,1,B,1.0900920301871775,0.36988036955284137,-0.15890350849800228,0.17761548386713288,0.6537280901520809,-1.1267512450507584,-3.1898349868830596,1.5367323787296854,-1.1582391706199386,-1.5949174934415298,0.7683661893648427,-0.5791195853099693
29,2,A,0.26648197503015136,1.3188025711779996,0.3313337738190118,-0.2882415022762347,-0.5008092362247529,0.16528732918794642,2.6588952881481833,-5.155589802993996,-0.0477381022953596,2.6588952881481833,-5.155589802993996,-0.0477381022953596
29,3,B,0.875200049155393,0.26736751029316613,0.8424839058033465,-0.2662743046217164,-0.6813001310644884,-1.0583911868990103,-3.2334651594593846,1.735849001207713,0.42233910697134314,-1.6167325797296923,0.8679245006038565,0.21116955348567157
29,4,A,2.141956084753159,1.6136782489918247,1.0615647569132312,0.5484149979256614,0.4449322199489125,1.1092968508078949,-0.6539865737051986,-2.356325333983362,1.6087299866916205,-0.6539865737051986,-2.356325333983362,1.6087299866916205
29,5,B,2.117450049060174,0.669921497748182,2.028469497059854,-1.038610036110943,-0.9108281652049577,0.86903326547354,-0.18577908194216797,1.7819114593155565,-2.1129404250417085,-0.09288954097108398,0.8909557296577783,-1.0564702125208543
30,0,A,-0.223748465882309,-0.057369929958201664,0.04664241449716355,-0.9598228161724454,-0.042849157449895495,0.37044101114252875,4.558422635358403,2.4372605101772655,1.273523032864123,4.558422635358403,2.4372605101772655,1.273523032864123
30,1,B,1.0917884391511767,0.3764560687638304,-0.17019997692777536,0.16171496741290703,0.6614033067115138,-1.13172347655556,-3.1703715948062348,1.5333542450434916,-0.8306534313006458,-1.5851857974031174,0.7666771225217458,-0.4153267156503229
30,2,A,0.26373250477179644,1.3135366993256024,0.3329842602057765,-0.2616503058809033,-0.552373477567869,0.16455592440661193,2.6593439909178698,-5.157258465628428,-0.09854285397104082,2.6593439909178698,-5.157258465628428,-0.09854285397104082
30,3,B,0.8724564694801893,0.26059790520755144,0.8319105524120307,-0.28247366067779,-0.6726340812774928,-1.056957905965078,-3.2462772629692456,1.7305709135905456,0.15097326660238242,-1.6231386314846228,0.8652854567952728,0.07548663330119121
30,4,A,2.1474075354037305,1.6180097549246146,1.0727381619206446,0.5418862658210344,0.42156438113266637,1.125201954925903,-0.6517598472228154,-2.317242429266912,1.572290836911329,-0.6517598472228154,-2.317242429266912,1.572290836911329
30,5,B,2.107059304222016,0.6608577638826153,2.0371070062039633,-1.039447878618982,-0.9019400984914605,0.8585819372831649,-0.14935792127797703,1.7733152260840375,-2.067590851106148,-0.07467896063898852,0.8866576130420187,-1.033795425553074
31,0,A,-0.23311877291226554,-0.05767655850719176,0.05041050076023204,-0.9144545483069783,-0.01856386325117254,0.38312062347525233,4.515230937734948,2.4197983295673517,1.262399433680579,4.515230937734948,2.4197983295673517,1.262399433680579
31,1,B,1.0933263295354356,0.38310843568707165,-0.18153797802911348,0.14590302344934525,0.6690442311177741,-1.1350506652174532,-3.154405990615698,1.5230155174601412,-0.5002220334567395,-1.577202995307849,0.7615077587300706,-0.2501110167283698
31,2,A,0.2612489689125333,1.3077551016266422,0.33462489230714404,-0.23506030669148414,-0.6039667156202744,0.1633074887001068,2.6586558469662447,-5.1613891448526745,-0.1511442873295499,2.6586558469662447,-5.1613891448526745,-0.1511442873295499
31,3,B,0.8695505759418372,0.2539148286676163,0.821344747684045,-0.2987270533173325,-0.6639739237967623,-1.056892766078027,-3.255079792846602,1.7334920787016366,-0.12491731178110108,-1.627539896423301,0.8667460393508183,-0.06245865589055054
31,4,A,2.15279381006958,1.622109536614478,1.0840687960117492,0.5353779248003177,0.3985943327276309,1.1407359631080527,-0.6499083569214854,-2.2767672517401283,1.5345107995199454,-0.6499083569214854,-2.2767672517401283,1.5345107995199454
31,5,B,2.0966610914877943,0.6518826957783528,2.0456411358055173,-1.0401075050329611,-0.8931021842490949,0.848361393653807,-0.11449264431740891,1.7618504708636735,-2.0206266006331344,-0.057246322158704455,0.8809252354318368,-1.0103133003165672
32,0,A,-0.24203755684844858,-0.057741207223225115,0.05430482696666859,-0.8694960097872475,0.00556339801126883,0.3957025643232439,4.476476766210986,2.405653922920945,1.2539887359177642,4.476476766210986,2.405653922920945,1.2539887359177642
32,1,B,1.0947064996201636,0.3898369533861859,-0.19290099023212443,0.13016074703515734,0.6766157768182401,-1.136731603327419,-3.142504575056103,1.5056027627253334,-0.17215321053003788,-1.5712522875280515,0.7528013813626667,-0.08607660526501894
32,2,A,0.25903129863796676,1.3014573650131969,0.3362504099797786,-0.20848628951546377,-0.6556087931298249,0.16152210890888752,2.656147588238324,-5.16702635705714,-0.20593167091410775,2.656147588238324,-5.16702635705714,-0.20593167091410775
32,3,B,0.8664819284138426,0.2473184267316162,0.8107726970904702,-0.31501626928335247,-0.6552824630894363,-1.0582030465059178,-3.2606065935597734,1.7430922042289971,-0.39919485937452215,-1.6303032967798867,0.8715461021144986,-0.19959742968726107
32,4,A,2.158115093899737,1.6259816415791672,1.0955528811828057,0.5288868557469462,0.37603382043641664,1.1558879881413686,-0.6483054537518903,-2.235335206502136,1.4958942071440298,-0.6483054537518903,-2.235335206502136,1.4958942071440298
32,5,B,2.086257154121357,0.6429957201976334,2.0540742340770395,-1.040596755973966,-0.8843275263877293,0.8383783191466154,-0.08120773208154325,1.7480126736840007,-1.9726032022431261,-0.040603866040771625,0.8740063368420004,-0.9863016011215631
33,0,A,-0.2505086931080105,-0.05756529054696638,0.05832455204669692,-0.824896789942417,0.029567957494672226,0.4082115763576439,4.443367202755034,2.3952579737597497,1.2478136709622725,4.443367202755034,2.3952579737597497,1.2478136709622725
33,1,B,1.0959295444761388,0.39664075122343645,-0.20427261009566186,0.1144677401687999,0.684083097938834,-1.136789137090319,-3.134698171484635,1.48132568551178,0.14913970536963803,-1.5673490857423176,0.74066284275589,0.07456985268481901
33,2,A,0.257079243122224,1.2946429257640457,0.3378553344853218,-0.1819508736581127,-0.7073085316331329,0.15917562856939405,2.6509355832318904,-5.172921343604287,-0.2633643969845729,2.6509355832318904,-5.172921343604287,-0.2633643969845729
33,3,B,0.8632502505561701,0.24080917940582755,0.8001806867539266,-0.3313259020448267,-0.64653117501835,-1.0608671893896582,-3.263246511030315,1.757423024205509,-0.6664622941213025,-1.6316232555151575,0.8787115121027546,-0.33323114706065127
33,4,A,2.1633715471845187,1.6296302130232063,1.1071865557745766,0.5224110524205905,0.35389057906015653,1.1706517119924542,-0.6468552115175,-2.1933130687490885,1.4568505630731436,-0.6468552115175,-2.1933130687490885,1.4568505630731436
33,5,B,2.075849156368315,0.6341961452505982,2.0624087021884496,-1.040923532534066,-0.8756269253813287,0.8286368680202605,-0.04950289195447455,1.732227728876337,-1.9239772482991786,-0.024751445977237274,0.8661138644381685,-0.9619886241495893
34,0,A,-0.2585354926472969,-0.05714984807333167,0.06246905849382147,-0.7805969663175955,0.053488762312781796,0.42066761723127016,4.416597522209481,2.388902989862138,1.243394503762879,4.416597522209481,2.388902989862138,1.243394503762879
34,1,B,1.0969958544235396,0.4035186153449626,-0.2156367729739308,0.09880428147351905,0.6914129033178812,-1.135266100240337,-3.130685306628354,1.4505964661073643,0.460075034622652,-1.565342653314177,0.7252982330536821,0.230037517311326
34,2,A,0.2553922811648045,1.2873111943805342,0.3394339225511665,-0.1554867642923785,-0.7590603752794856,0.15623887045442264,2.641886289914559,-5.177447385666824,-0.32398722600948976,2.641886289914559,-5.177447385666824,-0.32398722600948976
34,3,B,0.8598554103729461,0.2343878032312492,0.789555353302677,-0.3476414016324869,-0.6377023794725143,-1.0648385205916988,-3.262953324034541,1.7740951941283685,-0.922070186694302,-1.6314766620172705,0.8870475970641842,-0.461035093347151
34,4,A,2.1685633149481487,1.6330594531603704,1.1189659154226548,0.5159493475188182,0.33216897470255136,1.1850245148971261,-0.6454857688368221,-2.151007802769797,1.417710017861153,-0.6454857688368221,-2.151007802769797,1.417710017861153
34,5,B,2.0654386834706755,0.6254831816900068,2.0706469714374447,-1.0410956882955125,-0.8670092047132927,0.8191391195406572,-0.019359412624322975,1.71486053833875,-1.8751221435428924,-0.009679706312161487,0.857430269169375,-0.9375610717714462
35,0,A,-0.2661206324343624,-0.056495515300710744,0.06673790439132232,-0.7365316977718028,0.07736715830723682,0.43308575566615887,4.396456186948931,2.386776209028856,1.2402331832147706,4.396456186948931,2.386776209028856,1.2402331832147706
35,1,B,1.0979056301056092,0.4104690092897941,-0.2269779321004686,0.08315264429922253,0.6985742234235176,-1.1322212058039058,-3.1299695630910866,1.4139315761472455,0.7578827399496937,-1.5649847815455433,0.7069657880736228,0.37894136997484684
35,2,A,0.25396950783637645,1.279461718258456,0.34098011189441024,-0.12913956754362632,-0.8108400597243048,0.1526766871896984,2.627553059835637,-5.178489503297109,-0.3884494269351137,2.627553059835637,-5.178489503297109,-0.3884494269351137
35,3,B,0.8562974225235204,0.22805513181637727,0.7788839163420926,-0.36394666118623187,-0.6287915578027534,-1.070048849752464,-3.2591504974631245,1.7902334737759833,-1.1620614776106697,-1.6295752487315622,0.8951167368879916,-0.5810307388053348
35,4,A,2.173690534134895,1.6362735925172573,1.130887046072519,0.509501198685447,0.3108705629233932,1.1990067479464295,-0.6441439978385765,-2.108674553060553,1.3787365919993406,-0.6441439978385765,-2.108674553060553,1.3787365919993406
35,5,B,2.0550272426024048,0.6168559611563323,2.0787914845792628,-1.0411209497980467,-0.8584814963739362,0.8098854601552574,0.009254811608220032,1.696222797405578,-1.8263416106180217,0.004627405804110016,0.848111398702789,-0.9131708053090108
36,0,A,-0.273266126602733,-0.055602504907186934,0.07113077360714465,-0.6926349880071153,0.10124593867049878,0.4454758994377368,4.382885765988475,2.3889798636235464,1.237795571100894,4.382885765988475,2.3889798636235464,1.237795571100894
36,1,B,1.098658907309524,0.41749009981343294,-0.23828119709000892,0.06749784972321926,0.7055387381151468,-1.127725144442468,-3.131948267311217,1.371874300504115,1.0405418046254897,-1.5659741336556086,0.6859371502520575,0.5202709023127449
36,2,A,0.252809489813932,1.271094393186048,0.34248745629496047,-0.1029713226244261,-0.8625990149258356,0.14844679661171478,2.606095924004376,-5.173301537009875,-0.4575286886614334,2.606095924004376,-5.173301537009875,-0.4575286886614334
36,3,B,0.8525764771492215,0.22181197207519412,0.7681543763076277,-0.3802210962139896,-0.6198099961161774,-1.0764116706829696,-3.2506235136398196,1.8023912008546237,-1.3830668945914522,-1.6253117568199098,0.9011956004273118,-0.6915334472957261
36,4,A,2.1787533389218576,1.6392768644188382,1.1429460503815834,0.5030665224207587,0.2899945711993812,1.2126011279123938,-0.6427912550995054,-2.0665237917426387,1.3401394011942929,-0.6427912550995054,-2.0665237917426387,1.3401394011942929
36,5,B,2.0446162644747146,0.6083135517625281,2.08684468064055,-1.0410068594038702,-0.8500494894709998,0.8008749031445328,0.03638134605769114,1.6765799637702292,-1.7778811936677907,0.01819067302884557,0.8382899818851146,-0.8889405968338954
37,0,A,-0.2799733321945047,-0.05447059652730077,0.07564742238007706,-0.6488430183858362,0.12516854385137485,0.45784233318406153,4.375508158267462,2.395541172551663,1.2354911781641367,4.375508158267462,2.395541172551663,1.2354911781641367
37,1,B,1.0992555871000735,0.424579784052097,-0.24953243498931796,0.05182806480028557,0.7122807637270856,-1.1218570675020787,-3.135965701864685,1.3249359442712962,1.3066889715309375,-1.5679828509323426,0.6624679721356481,0.6533444857654688
37,2,A,0.25191008138388793,1.2622097379599393,0.34394904782664454,-0.07706494131365371,-0.9142571320716608,0.1434983494137565,2.575180338150058,-5.1583218921564455,-0.5321607509301374,2.575180338150058,-5.1583218921564455,-0.5321607509301374
37,3,B,0.8486930005992406,0.21565893189405372,0.7573556829284332,-0.39643613237727027,-0.610787980651803,-1.083824746756601,-3.235390951673237,1.8064149848952527,-1.582163534860185,-1.6176954758366184,0.9032074924476263,-0.7910817674300925
37,4,A,2.1837518645833103,1.642073483941245,1.155139068630767,0.49664556610038435,0.26953831400826633,1.2258122356064938,-0.6414000089765961,-2.024727646481599,1.302082137626757,-0.6414000089765961,-2.024727646481599,1.302082137626757
37,5,B,2.0342071054143274,0.5998549713669123,2.0948089826421534,-1.0407607356234694,-0.8417176459692755,0.7921053551565249,0.06206816609699653,1.6561574369198322,-1.7299380015315091,0.031034083048498265,0.8280787184599161,-0.8649690007657546
38,0,A,-0.2862429869704497,-0.05309913403015944,0.08028762027082588,-0.6050973839949875,0.14917831649354577,0.4701830374199363,4.373618719902219,2.4064133558825054,1.232649669010898,4.373618719902219,2.4064133558825054,1.232649669010898
38,1,B,1.0996954686055298,0.43173571508797465,-0.2607183384400505,0.03613479811579445,0.7187769873496952,-1.1147015669587714,-3.14134097193481,1.2735535047723907,1.5555112457918547,-1.570670485967405,0.6367767523861954,0.7777556228959274
38,2,A,0.2512681909876589,1.252809250544615,0.3453574232832356,-0.05152978805114117,-0.9656934288869268,0.13777016734039527,2.5318503143521367,-5.128937470898228,-0.613475663742133,2.5318503143521367,-5.128937470898228,-0.613475663742133
38,3,B,0.8446477545016761,0.20959621246215807,0.7464778813724957,-0.41255097028684573,-0.6017788180142813,-1.0921719240355898,-3.2105442121579006,1.7972500701133098,-1.7567073767352763,-1.6052721060789503,0.8986250350566549,-0.8783536883676382
38,4,A,2.1886862502438653,1.6446676306990036,1.1674622950937132,0.49023881019389925,0.24949754849028505,1.238646101522034,-0.639951172322474,-1.9834254571152619,1.2646910454807652,-0.639951172322474,-1.9834254571152619,1.2646910454807652
38,5,B,2.023801049762245,0.5914791988431426,2.1026867877436803,-1.0403896469028062,-0.8334893873838622,0.7835738378531687,0.08636732216082729,1.6351459972452833,-1.6826689198061087,0.043183661080413646,0.8175729986226417,-0.8413344599030543
39,0,A,-0.29207527987440446,-0.05148703019742985,0.08505108312847579,-0.5613485357838455,0.17331772378355004,0.4824887521454747,4.376150922325937,2.421468102118358,1.2284932760968121,4.376150922325937,2.421468102118358,1.2284932760968121
39,1,B,1.0999782830623894,0.4389553237990909,-0.2718264663284934,0.02041299982156186,0.7250060250468288,-1.1063462080996485,-3.147378345761795,1.2180615740807272,1.7866322978561342,-1.5736891728808975,0.6090307870403636,0.8933161489280671
39,2,A,0.2508794856228651,1.2428958693822008,0.34670445117345244,-0.026508680640910387,-1.0167340356986965,0.13118858248921395,2.4723711676935887,-5.079183891456441,-0.7028413064940122,2.4723711676935887,-5.079183891456441,-0.7028413064940122
39,3,B,0.8404419811935037,0.2036233555337681,0.7355122444477215,-0.4285074431241265,-0.5928640021585885,-1.1013240634106691,-3.1720449227544765,1.7686762721633975,-1.904148373297252,-1.5860224613772382,0.8843381360816988,-0.952074186648626
39,4,A,2.1935566407871883,1.6470634349110507,1.1799119906612077,0.48384689433205175,0.22986677809370137,1.2511098647880692,-0.6384320000497219,-1.9427286222013613,1.2280616077252133,-0.6384320000497219,-1.9427286222013613,1.2280616077252133
39,5,B,2.0133993124762712,0.5831851836192351,2.110480459399217,-1.0399003956510278,-0.8253672559775105,0.7752766717989301,0.10933317854646679,1.613706565295319,-1.6361975018868955,0.054666589273233396,0.8068532826476595,-0.8180987509434478
40,0,A,-0.2974699576861266,-0.049632779554488436,0.08993739531373537,-0.5175597275715871,0.19762746021732142,0.4947417394974299,4.3816107201257175,2.440479184635956,1.2221041942942,4.3816107201257175,2.440479184635956,1.2221041942942
40,1,B,1.100103728601961,0.4462358355889112,-0.28284526260204346,0.0046611385074224465,0.7309478701066102,-1.0968796260916902,-3.1533661798949755,1.158676449832084,2.0000005053264296,-1.5766830899474877,0.579338224916042,1.0000002526632148
40,2,A,0.2507380173748407,1.232474569830641,0.3479811949330199,-0.0021866360908479043,-1.0671368040252371,0.12366480567506943,2.392037742318518,-5.0013697738511835,-0.8019140563350197,2.392037742318518,-5.0013697738511835,-0.8019140563350197
40,3,B,0.8360776056391935,0.1977389324189863,0.7244514001042823,-0.4442237278226735,-0.5841598999891562,-1.1111390219784523,-3.11446895666402,1.7129645956093102,-2.0218350538167993,-1.55723447833201,0.8564822978046551,-1.0109175269083996
40,4,A,2.1983631881305064,1.6492649662608776,1.1924844923894746,0.4774705621461761,0.21063951097117783,1.263211493513161,-0.6368344371274482,-1.9027248023018153,1.1922641372933342,-0.6368344371274482,-1.9027248023018153,1.1922641372933342
40,5,B,2.0030030418492246,0.5749718537235924,2.118192321179659,-1.0392995099265612,-0.8173530536990825,0.7672096287273167,0.13102111124220883,1.5919743460756488,-1.5906197267621445,0.06551055562110442,0.7959871730378244,-0.7953098633810722
41,0,A,-0.3024264744258362,-0.047534480993083425,0.09494591791842438,-0.47371178533290315,0.22214533753273752,0.5069141907114834,4.387977727610992,2.463096278447256,1.2123860485165698,4.387977727610992,2.463096278447256,1.2123860485165698
41,1,B,1.1000715058325379,0.4535742812012231,-0.2937640588503272,-0.011118700329448838,0.7365832883760498,-1.086390164215942,-3.1585693548526073,1.0954908579443756,2.195784244972889,-1.5792846774263036,0.5477454289721878,1.0978921224864444
41,2,A,0.25083575290104815,1.221553133301696,0.34917774728695383,0.02119828428711612,-1.116571728677318,0.11509176086297868,2.284946333273958,-4.885615156563518,-0.912694906083426,2.284946333273958,-4.885615156563518,-0.912694906083426
41,3,B,0.8315575066370502,0.19194015753398497,0.7132894640081524,-0.4595866188484288,-0.5758263706390848,-1.1214606472154776,-3.0306874536384174,1.6204471444194484,-2.106815040994149,-1.5153437268192087,0.8102235722097242,-1.0534075204970745
41,4,A,2.203106052030112,1.6512762251304742,1.2051762205314709,0.4711106208371785,0.19180847922162236,1.2749595564082394,-0.6351538246722199,-1.8634815476073088,1.157348441722345,-0.6351538246722199,-1.8634815476073088,1.157348441722345
41,5,B,1.99261332227774,0.5668381225452535,2.125824651973763,-1.0385932407177667,-0.8094479617754946,0.7593680574400796,0.15148657227829398,1.5700624233597462,-1.546008788134228,0.07574328613914699,0.7850312116798731,-0.773004394067114
42,0,A,-0.30694419339278467,-0.045189872803833686,0.10007567912796504,-0.4298090538155497,0.24690485625619257,0.5189662145321059,4.392568575859573,2.488807466243755,1.1980187156080502,4.392568575859573,2.488807466243755,1.1980187156080502
42,1,B,1.099881354595372,0.4609675013564322,-0.3045730658863623,-0.02692067233512896,0.7418932112410709,-1.074965007481235,-3.162219447418687,1.0284782880646102,2.374278448910511,-1.5811097237093434,0.5142391440323051,1.1871392244552554
42,2,A,0.251161983060583,1.2101431352570946,0.35028303015027945,0.04334168663287785,-1.1645963131839299,0.10534035499988048,2.1437341358779918,-4.719301744758839,-1.0375862665360365,2.1437341358779918,-4.719301744758839,-1.0375862665360365
42,3,B,0.826885873262225,0.1862224050062046,0.7020221871599728,-0.474442037034839,-0.5680777514297477,-1.1321167836892243,-2.9114798209261528,1.47900053931579,-2.1556395485036193,-1.4557399104630764,0.739500269657895,-1.0778197742518096
42,4,A,2.20778540054725,1.65310113584531,1.2179836835176394,0.4647679122621762,0.17336582440703463,1.2863630371533818,-0.6333878903296348,-1.825049415310473,1.123347707306566,-0.6333878903296348,-1.825049415310473,1.123347707306566
42,5,B,1.9822311770348693,0.5587828944880825,2.1333796823284605,-1.0377875631697342,-0.8016526435509819,0.7517469878277838,0.17078444693691053,1.5480648664451568,-1.5024190567854714,0.08539222346845526,0.7740324332225784,-0.7512095283927357
43,0,A,-0.3110226555021472,-0.042596383867959574,0.1053252422090665,-0.3858869278201671,0.2719333360543592,0.530843339497078,4.391856623217314,2.5168884933896107,1.1774062773864125,4.391856623217314,2.5168884933896107,1.1774062773864125
43,1,B,1.0995330923858353,0.46841214542604453,-0.3152633589999519,-0.04273498753273319,0.7468581735929652,-1.062689747577944,-3.163506631621102,0.9575066526938365,2.5358255124063733,-1.581753315810551,0.47875332634691825,1.2679127562031867
43,2,A,0.2517025866337057,1.1982612070380174,0.35128455438695144,0.06385686495426757,-1.2106250741370062,0.09425522783767237,1.9593015283998019,-4.486450445856393,-1.1794391659051486,1.9593015283998019,-4.486450445856393,-1.1794391659051486
43,3,B,0.8220686658963534,0.18057860250539,0.6906471283343679,-0.4885834470901129,-0.5611965987561085,-1.1429163450970004,-2.745084201183733,1.2734605301399922,-2.164185014606936,-1.3725421005918665,0.6367302650699961,-1.082092507303468
43,4,A,2.2124014102753553,1.654743541618615,1.2309034812745385,0.4584432929869653,0.1553032541391164,1.2974311843276576,-0.6315359647137799,-1.7874646382744488,1.0902817275501717,-0.6315359647137799,-1.7874646382744488,1.0902817275501717
43,5,B,1.9718575710143453,0.5508050696742338,2.140859591730319,-1.036888180437645,-0.7939673328650976,0.7443412168437469,0.18896864590149975,1.526059407907403,-1.4598893368308725,0.09448432295074988,0.7630297039537015,-0.7299446684154363
44,0,A,-0.314661931949188,-0.0397512060827465,0.1106925459179066,-0.34202143473830715,0.2972494618684929,0.5424734654612268,4.381241993154772,2.546336669437144,1.1486189154433473,4.381241993154772,2.546336669437144,1.1486189154433473
44,1,B,1.0990266548447174,0.4759046648282915,-0.3258268608379212,-0.058547697877231464,0.7514578445419862,-1.0496483002028851,-3.1615775061745897,0.8823617269144405,2.680753437616849,-1.5807887530872948,0.44118086345722024,1.3403767188084246
44,2,A,0.25243912035966837,1.1859306337743545,0.3521681347070329,0.08225614234496637,-1.2538927130903543,0.08165017621241388,1.7205539497401858,-4.167077344812093,-1.3415711591463806,1.7205539497401858,-4.167077344812093,-1.3415711591463806
44,3,B,0.8171142043204227,0.17499847303108243,0.6791638602580328,-0.5017379374559261,-0.5555503959210881,-1.1536455957790293,-2.5167119451421516,0.9850206038679051,-2.1275152582052304,-1.2583559725710758,0.49251030193395257,-1.0637576291026152
44,4,A,2.2169542664069892,1.6562072009280924,1.2439323072041926,0.4521376212688777,0.13761217393785108,1.308173390872469,-0.6295983789014055,-1.7507514019790387,1.058159581412161,-0.6295983789014055,-1.7507514019790387,1.058159581412161
44,5,B,1.9614934134261164,0.5429035478307805,2.1482665066653355,-1.035900529104583,-0.7863919099789007,0.737145379708859,0.2060918873231894,1.504109746571641,-1.4184455171207468,0.1030459436615947,0.7520548732858205,-0.7092227585603734
45,0,A,-0.31786308419691334,-0.036651394630589716,0.11617471151829104,-0.2983413864965867,0.32286008364542584,0.5537632175091358,4.354767655189101,2.575787685949489,1.109331494138472,4.354767655189101,2.575787685949489,1.109331494138472
45,1,B,1.0983621384282907,0.48344130231688426,-0.3362563250040096,-0.07434050071531972,0.7556707025951237,-1.035923080139961,-3.155543629058645,0.8027814943398274,2.809334587552129,-1.5777718145293225,0.4013907471699137,1.4046672937760645
45,2,A,0.25334770948060503,1.1731833527762103,0.3529175579111997,0.09793010023341486,-1.2934113238464273,0.06730371961718995,1.4142376279495494,-3.7366448064016846,-1.5277201598985293,1.4142376279495494,-3.7366448064016846,-1.5277201598985293
45,3,B,0.8120339071472349,0.16946759458696825,0.6675742164187873,-0.5135499455150183,-0.5516110147051736,-1.1640639465976377,-2.208091278494893,0.5907318824977656,-2.039825069238808,-1.1040456392474465,0.2953659412488828,-1.019912534619404
45,4,A,2.221444162700733,1.657495785097372,1.257066949091988,0.44585174932685323,0.12028379801696243,1.318599098026807,-0.627576009504091,-1.7149237821982175,1.0269818494548317,-0.627576009504091,-1.7149237821982175,1.0269818494548317
45,5,B,1.9511395604322537,0.5350772314746558,2.155602499324496,-1.034829785301472,-0.7789259667979442,0.7301540091610326,0.22220563391897763,1.4822675258128206,-1.3781027020080945,0.11110281695948881,0.7411337629064103,-0.6890513510040472
46,0,A,-0.32062875967911975,-0.033294004409837985,0.12176781026808932,-0.2550436351169971,0.3487560970391072,0.5645936997681789,4.30478262072877,2.60341499278683,1.0567649576702018,4.30478262072877,2.60341499278683,1.0567649576702018
46,1,B,1.097539844830411,0.491018078880194,-0.3465453224407204,-0.09009062564484527,0.7594739136701778,-1.021595320014315,-3.1445063427527447,0.718502935681761,2.921769462705498,-1.5722531713763723,0.3592514678408805,1.460884731352749
46,2,A,0.25439772236433666,1.160062407297426,0.3535142090993767,0.11012631198187017,-1.327923726808955,0.050955734658791885,1.0250047217416325,-3.165835786103629,-1.7418768317809732,1.0250047217416325,-3.165835786103629,-1.7418768317809732
46,3,B,0.8068432054101223,0.16396625273697896,0.65588258132608,-0.5235631017333209,-0.5499758569597418,-1.17389984211404,-1.7971712088254737,0.06333121567484155,-1.8945331373238785,-0.8985856044127368,0.03166560783742078,-0.9472665686619393
46,4,A,2.2258713013935263,1.6586128768884316,1.2703042891647287,0.4395865195378601,0.10330924214604353,1.328717719475514,-0.6254699482979766,-1.6799873919841317,0.9967424402858159,-0.6254699482979766,-1.6799873919841317,0.9967424402858159
46,5,B,1.940796817720087,0.5273250284948217,2.162869586848556,-1.0336808708231615,-0.7715688628985529,0.723361585177118,0.23736015740579258,1.4605740339443278,-1.3388668915566648,0.11868007870289629,0.7302870169721639,-0.6694334457783324
47,0,A,-0.3229639568992533,-0.029676272689807572,0.1274665855136546,-0.21241189682012773,0.37490724440762524,0.5748157357166654,4.221565038645209,2.626814480916786,0.987642232027088,4.221565038645209,2.626814480916786,0.987642232027088
47,1,B,1.0965603259153938,0.4986307805902878,-0.3566882314042959,-0.10577090188015337,0.7628434776608461,-1.0067453934804627,-3.127604151370795,0.6293226605855378,3.0182011508349156,-1.5638020756853974,0.3146613302927689,1.5091005754174578
47,2,A,0.25555023572024244,1.1466248782400312,0.35393667260437556,0.11793101487126423,-1.3558581727785235,0.03230681137603719,0.5359358561373542,-2.421053407809745,-1.9879078247696325,0.5359358561373542,-2.421053407809745,-1.9879078247696325
47,3,B,0.8015626451125685,0.15846807744777341,0.6440962195765065,-0.5312015801711201,-0.5513880404734217,-1.182847748388216,-1.258220166293414,-0.6282046211468886,-1.6846293723471035,-0.629110083146707,-0.3141023105734443,-0.8423146861735518
47,4,A,2.23023589309149,1.6595619699402928,1.2836413034814982,0.433342763379585,0.08667960126687024,1.3385385821032436,-0.6232812833578012,-1.6459407838498952,0.9674300852587622,-0.6232812833578012,-1.6459407838498952,0.9674300852587622
47,5,B,1.9304659430157904,0.5196458542166847,2.1700697310280384,-1.032458458664054,-0.7643197736354301,0.7167625772707131,0.2516047062394468,1.439061671304206,-1.3007362710040298,0.1258023531197234,0.719530835652103,-0.6503681355020149
48,0,A,-0.3248769976155223,-0.02579585952168548,0.13326412498242263,-0.17083937080872857,0.4012557322046872,0.5842448416440688,4.092940163634531,2.6428830784955926,0.8981789534534411,4.092940163634531,2.6428830784955926,0.8981789534534411
48,1,B,1.095424426792808,0.5062749484334109,-0.36668023031032965,-0.12135013425197405,0.7657547134918036,-0.9914529735221389,-3.104088797355678,0.5351716717987549,3.098766832494953,-1.552044398677839,0.26758583589937746,1.5493834162474764
48,2,A,0.25675634266176195,1.1329452438418555,0.35416034532689744,0.12026005138540408,-1.375294887934153,0.011023029279164098,-0.07012855330925957,-1.4662896233142284,-2.2688485946049455,-0.07012855330925957,-1.4662896233142284,-2.2688485946049455
48,3,B,0.7962191738066999,0.15293849192751052,0.6322256263583157,-0.5357538795272121,-0.5567504112837172,-1.1905678832508926,-0.5626995761441601,-1.516743702971065,-1.403424572723375,-0.28134978807208005,-0.7583718514855325,-0.7017122863616875
48,4,A,2.234538156661118,1.660346468913769,1.2970750608067936,0.4271213020201392,0.07038601408747569,1.3480708802590002,-0.6210109885289306,-1.6127766520295979,0.939029545892897,-0.6210109885289306,-1.6127766520295979,0.939029545892897
48,5,B,1.9201476485468059,0.512038633022113,2.1772048383939704,-1.0311669775192045,-0.7571777313871153,0.7103514811819256,0.2649877517034966,1.4177552280205445,-1.2637021645129707,0.1324938758517483,0.7088776140102723,-0.6318510822564853
49,0,A,-0.32638074431542785,-0.02165115804571383,0.139151482346536,-0.1308548385757058,0.427708695692253,0.5926564453093017,3.903966282969894,2.6477096190175726,0.7841417795930832,3.903966282969894,2.6477096190175726,0.7841417795930832
49,1,B,1.0941333232303543,0.5139458748601239,-0.3765172908747387,-0.13679394162477987,0.7681831474449341,-0.9757968272121026,-3.0734341517660866,0.436201909454287,3.1636916915201407,-1.5367170758830433,0.2181009547271435,1.5818458457600704
49,2,A,0.2579554367479505,1.1191189804813482,0.35415713318995884,0.1158695779784974,-1.3839627356742157,-0.013249832727094124,-0.8079661280717595,-0.2672799246976263,-2.585723806646784,-0.8079661280717595,-0.2672799246976263,-2.585723806646784
49,3,B,0.7908475675220242,0.14733306922209907,0.6202848619114887,-0.5363642868566942,-0.567124324892536,-1.1966911509797395,0.31853664434931456,-2.632821740556266,-1.0458825188156409,0.15926832217465728,-1.316410870278133,-0.5229412594078204
49,4,A,2.238778319131893,1.6609696902220423,1.3106027210866782,0.4209229474382514,0.0544197164242366,1.3573236408167877,-0.6186599278470531,-1.5804828806180116,0.9115225656645092,-0.6186599278470531,-1.5804828806180116,0.9115225656645092
49,5,B,1.9098426034654064,0.5045022995889424,2.184276760651677,-1.0298106149390418,-0.7501416607735623,0.7041228514923503,0.2775572803656908,1.3966730174000441,-1.2277497113153082,0.1387786401828454,0.6983365087000221,-0.6138748556576541
50,0,A,-0.3274940943870364,-0.01724168560784042,0.14511725388860866,-0.09315090040727947,0.4541297969712799,0.5997822698669331,3.636821350715538,2.636510636787817,0.6410231319330382,3.636821350715538,2.636510636787817,0.6410231319330382
50,1,B,1.0926885479603123,0.5216386113823096,-0.3861961668545717,-0.15206621813510512,0.7701058460187871,-0.9598540333638883,-3.035476452365626,0.3328775200855376,3.213425847765743,-1.517738226182813,0.1664387600427688,1.6067129238828715
50,2,A,0.2590737342213319,1.1052659891283712,0.35389534867235556,0.10340216408548653,-1.3792942866221014,-0.040857364375412875,-1.6855166505305716,1.2009697351200748,-2.9357825230168046,-1.6855166505305716,1.2009697351200748,-2.9357825230168046
50,3,B,0.785491888069566,0.1415960054296598,0.6082918033387209,-0.5320403461054779,-0.5836992350388217,-1.200832599043039,1.4110396561362155,-3.997142317957923,-0.6106967065047717,0.7055198280681078,-1.9985711589789614,-0.30534835325238585
50,4,A,2.242956615609883,1.6614348632422538,1.3242215336231293,0.4147485028479947,0.038772084591320866,1.3663056965748877,-0.6162289902023883,-1.5490434859633153,0.8848885859556949,-0.6162289902023883,-1.5490434859633153,0.8848885859556949
50,5,B,1.899551436248025,0.4970357998066418,2.1912872954238174,-1.0283933190225136,-0.7432104084502428,0.6980713313737175,0.28936108624683277,1.3758279119278092,-1.1928583361329,0.14468054312341638,0.6879139559639046,-0.59642916806645
51,0,A,-0.32824376232357344,-0.01256856210628823,0.15114712774387465,-0.05861126152282292,0.4803306566208321,0.6053093775773732,3.271106426175834,2.6036612931226237,0.4643984101548542,3.271106426175834,2.6036612931226237,0.4643984101548542
51,1,B,1.0910919988676522,0.5293479917804996,-0.39571437154201644,-0.16713134304829902,0.771503182107286,-0.9436984333586779,-2.9905735129146187,0.22605691531340763,3.2488141543182714,-1.4952867564573094,0.11302845765670382,1.6244070771591357
51,2,A,0.26002348002966025,1.0915330947489061,0.3533399859024506,0.08148844225222829,-1.3585772115452088,-0.07208717820723909,-2.6972277161212754,2.9424452802593084,-3.3101802433482934,-2.6972277161212754,2.9424452802593084,-3.3101802433482934
51,3,B,0.7802067605999147,0.13565908452132264,0.5962682099306279,-0.5216878290054239,-0.6077144716204672,-1.2026171794219664,2.7299671838850426,-5.608952314700115,-0.1031354450662081,1.3649835919425213,-2.8044761573500576,-0.05156772253310405
51,4,A,2.2470732891888527,1.6617451319138687,1.337928835018176,0.4085987610248365,0.023434669639710304,1.3750256656858584,-0.6137193744267085,-1.5184395043574865,0.8591052362404332,-0.6137193744267085,-1.5184395043574865,0.8591052362404332
51,5,B,1.889274737084956,0.4896380914199376,2.198238187279151,-1.0269187988233952,-0.7363827678445178,0.6921916802526296,0.30044699340172526,1.3552283303622616,-1.159002112299057,0.15022349670086263,0.6776141651811308,-0.5795010561495285
52,0,A,-0.3286663196174929,-0.007635072475423778,0.15722344144015613,-0.02833133164470425,0.5060633960820652,0.6088840822187815,2.784879549447954,2.542886599123991,0.25054251812678446,2.784879549447954,2.542886599123991,0.25054251812678446
52,1,B,1.0893459210993464,0.5370686750244553,-0.40507013552174526,-0.18195716055848798,0.7723609335652359,-0.9273982221782578,-2.9397534911642835,0.11704366786756944,3.271270317849448,-1.4698767455821418,0.05852183393378472,1.635635158924724
52,2,A,0.26070350306637646,1.078094444897467,0.3524536051082108,0.04892467143903789,-1.3192423492551009,-0.10709548931613355,-3.8155264465169756,4.924527177763885,-3.691481978430634,-3.8155264465169756,4.924527177763885,-3.691481978430634
52,3,B,0.7750581314894576,0.12944171599725046,0.5842394597502816,-0.5041862347544279,-0.6403135693863693,-1.2017208413048541,4.270670516513205,-7.430686791660629,0.46167069191232984,2.1353352582566023,-3.7153433958303146,0.23083534595616492
52,4,A,2.2511285908303797,1.661903556635048,1.3517220469368465,0.40247449894905696,0.008399222742816459,1.3834919348867047,-0.6111330407272614,-1.4886498750215758,0.834148603929476,-0.6111330407272614,-1.4886498750215758,0.834148603929476
52,5,B,1.8790130602715571,0.48230814444975145,2.20513112902887,-1.025390524058778,-0.7296574989637955,0.6864787995884081,0.31086291244736114,1.3348792219267602,-1.1261501533874043,0.15543145622368057,0.6674396109633801,-0.5630750766937022
53,0,A,-0.3288103889564675,-0.002447294184646927,0.16332480938825028,-0.0036228808526300726,0.5310162137695624,0.6101236527497265,2.156810608967053,2.447676938375463,-0.0026284119378998973,2.156810608967053,2.447676938375463,-0.0026284119378998973
53,1,B,1.0874528556564824,0.5447952104518043,-0.4142623359855816,-0.1965185522084134,0.7726724883783287,-0.9110127896120729,-2.884803168807839,0.007578257370462835,3.2829027086241003,-1.4424015844039195,0.0037891286852314173,1.6414513543120501
53,2,A,0.261001973458441,1.0651482477638041,0.3511980761161279,0.004936008297487526,-1.2593119054269075,-0.14581254413190414,-4.982206181793234,7.061561587874598,-4.05192898472363,-4.982206181793234,7.061561587874598,-4.05192898472363
53,3,B,0.7701230359048261,0.12285281313359525,0.5722337931045308,-0.4785145198365759,-0.6823201551368341,-1.19792684307643,5.998015450628376,-9.371947508525311,1.0559285994584438,2.999007725314188,-4.685973754262656,0.5279642997292219
53,4,A,2.255122779167834,1.661913116368725,1.36559867371591,0.3963764671307102,-0.006342288415694952,1.3917126443797168,-0.6084733229420536,-1.4596523566802455,0.8099932946715614,-0.6084733229420536,-1.4596523566802455,0.8099932946715614
53,5,B,1.8687669266037805,0.47504494144066167,2.2119677632709194,-1.0238117252427958,-0.7230333432050151,0.6809277561897087,0.32065661394769956,1.3147830815850332,-1.094267206092575,0.16032830697384978,0.6573915407925166,-0.5471336030462876
54,0,A,-0.3287387772345455,0.0029852517999674703,0.16942591449515065,0.01401031532432262,0.5548143620908191,0.6086391063473612,1.3698286264233188,2.311952725875871,-0.2942808685351641,1.3698286264233188,2.311952725875871,-0.2942808685351641
54,1,B,1.085415550055178,0.5525221247920219,-0.4232903913139867,-0.210801135897154,0.7724407945090106,-0.8945892363301733,-2.8282303066891106,-0.10025580509721271,3.2865186041348693,-1.4141151533445553,-0.05012790254860636,1.6432593020674346
54,2,A,0.2608022232323262,1.0529082067889288,0.3495373542255727,-0.050493227066591984,-1.1779807707798517,-0.1878423497109094,-6.10364089102237,9.204665341535986,-4.354032131077321,-6.10364089102237,9.204665341535986,-4.354032131077321
54,3,B,0.765487841092726,0.11579531289451378,0.560280922888753,-0.4439246984317191,-0.7339497208586898,-1.1911907798099586,7.837913111314017,-11.279878780217125,1.6384967071303478,3.9189565556570085,-5.639939390108562,0.8192483535651739
54,4,A,2.259056120172994,1.661776710866734,1.3795562998244408,0.39030537227016104,-0.02079767262133103,1.399695672430723,-0.6057456491681951,-1.4314244844463953,0.7866123155294612,-0.6057456491681951,-1.4314244844463953,0.7866123155294612
54,5,B,1.8585368257667012,0.46784747758565115,2.218749684152664,-1.0221853959350713,-0.7165090329951801,0.6755338016065204,0.3298751091423401,1.2949410023488759,-1.0633146271821936,0.16493755457117004,0.6474705011744379,-0.5316573135910968
55,0,A,-0.3285301826499811,0.008648993057169456,0.1754975915151975,0.022941459584313595,0.5770286475797293,0.6040718427239646,0.4164002255745239,2.1309043719061456,-0.6191718561439736,0.4164002255745239,2.1309043719061456,-0.6191718561439736
55,1,B,1.0832368329385393,0.5602440263419846,-0.43215412071218506,-0.22480431301139525,0.7716795985951042,-0.8781593528504078,-2.7730405390061263,-0.20422256046574047,3.2854347877707815,-1.3865202695030632,-0.10211128023287024,1.6427173938853907
55,2,A,0.25999210891710917,1.041588632348207,0.3474412291219097,-0.11628856750366123,-1.0762161929822156,-0.23238845515232975,-7.0554271963913155,11.14825021799154,-4.555188957206332,-7.0554271963913155,11.14825021799154,-4.555188957206332
55,3,B,0.7612445419361917,0.10817381871642145,0.5484099775083316,-0.40013876024874717,-0.7945152709014108,-1.181699035439998,9.67646216187305,-12.946341236871316,2.158201040854249,4.838231080936525,-6.473170618435658,1.0791005204271245
55,4,A,2.262928886613237,1.6614971629162985,1.3935925871645245,0.38426185279947234,-0.03497451762315418,1.4074486182824475,-0.602958244968613,-1.4039445159175798,0.7639768548168645,-0.602958244968613,-1.4039445159175798,0.7639768548168645
55,5,B,1.848323218685079,0.46071476078075807,2.22547843930305,-1.0205142991799199,-0.7100832961809161,0.6702923853633358,0.3385635929184771,1.2753537233569494,-1.0332518700915894,0.16928179645923855,0.6376768616784747,-0.5166259350457947
56,0,A,-0.3282799480428592,0.014525824751562055,0.18150735134962995,0.021548534060791824,0.5971920686238563,0.5961446690040229,-0.6949853302788563,1.901779836919285,-0.9662628878441695,-0.6949853302788563,1.901779836919285,-0.9662628878441695
56,1,B,1.0809194637949502,0.567955716763924,-0.44085357837099487,-0.23854269737321188,0.7704135403095447,-0.8617381000600083,-2.722313205720641,-0.30220075375976563,3.283066328388923,-1.3611566028603206,-0.15110037687988281,1.6415331641944615
56,2,A,0.258476451882253,1.0313838829292845,0.3448895851225261,-0.19007081647124668,-0.9571638176052555,-0.2782488560026525,-7.701022597125947,12.662224857399414,-4.61689121285782,-7.701022597125947,12.662224857399414,-4.61689121285782
56,3,B,0.7574850658877511,0.09990500747648556,0.536646942179953,-0.34751840558645,-0.8622327096828148,-1.1698983575042121,11.371679703044531,-14.140634275690266,2.562070133460882,5.685839851522266,-7.070317137845133,1.281035066730441
56,4,A,2.2667413572289834,1.661077220514271,1.4077052721900898,0.37824644851292,-0.04888020139647287,1.4149787829890181,-0.6001226123401497,-1.3771922387461024,0.7420560864969014,-0.6001226123401497,-1.3771922387461024,0.7420560864969014
56,5,B,1.8381265397831028,0.4536458116620328,2.232155531859931,-1.018800980091572,-0.7037548554378298,0.6651991595689966,0.3467640424210634,1.2560225738774355,-1.0040384476447175,0.1733820212105317,0.6280112869387178,-0.5020192238223588
57,0,A,-0.32809921196876524,0.020592834429646583,0.18742048489527796,0.00840636378100501,0.6148222138227423,0.5847233998372989,-1.933448725678179,1.6242492028579134,-1.3179909455006023,-1.933448725678179,1.6242492028579134,-1.3179909455006023
57,1,B,1.078465978991075,0.5756522971481755,-0.44938888271338523,-0.2520450878127578,0.7686768648353159,-0.8453245445837948,-2.678642970098874,-0.3924694359315418,3.2823558620964532,-1.339321485049437,-0.1962347179657709,1.6411779310482266
57,2,A,0.25619069258768423,1.022445355996102,0.3418762520018567,-0.26819180984658797,-0.8261112139683502,-0.3239155192453269,-7.923176077942413,13.548295869980533,-4.516441435676827,-7.923176077942413,13.548295869980533,-4.516441435676827
57,3,B,0.7542941738244627,0.09092916452276516,0.5250120103582474,-0.2871441874310543,-0.9342489862617549,-1.1564759435654937,12.778007559112842,-14.665876355885723,2.8068954420269936,6.389003779556421,-7.332938177942862,1.4034477210134968
57,4,A,2.2704938155834955,1.660519558888369,1.4218921628243049,0.37225956777235947,-0.06252190983723205,1.4222931492650415,-0.5972535357712659,-1.3511494494061727,0.720817168707149,-0.5972535357712659,-1.3511494494061727,0.720817168707149
57,5,B,1.8279471990832477,0.4466396636720015,2.2387824224944297,-1.0170477856095705,-0.6975224235821725,0.6602499732207612,0.35451375037789,1.2369501683849928,-0.9756360916531659,0.177256875188945,0.6184750841924964,-0.48781804582658295
58,0,A,-0.3281118207672391,0.0268222690280169,0.19320181934637592,-0.017469748847420696,0.6294433688431396,0.569879088638088,-3.241773800006777,1.299981801221497,-1.65087129434154,-3.241773800006777,1.299981801221497,-1.65087129434154
58,1,B,1.075878562038695,0.5833292540606303,-0.45776006926267077,-0.26535069911000075,0.766510865026987,-0.8289056370966885,-2.6436015487984443,-0.47393048739811017,3.2852071327462053,-1.3218007743992222,-0.23696524369905508,1.6426035663731027
58,2,A,0.25311261568532123,1.0148616586499175,0.33841127473761956,-0.34609745025116906,-0.6898609444481285,-0.3677790534105191,-7.6579520029736186,13.701758034063129,-4.256265397361704,-7.6579520029736186,13.701758034063129,-4.256265397361704
58,3,B,0.75174218213913,0.08122002775125046,0.5135174233086431,-0.2207595396240214,-1.0069640525051036,-1.1422844185448255,13.775851563700764,-14.420150141453707,2.8697145662398214,6.887925781850382,-7.2100750707268535,1.4348572831199107
58,4,A,2.2741865485844306,1.6598267823175263,1.4361511351753906,0.3663014579707635,-0.07590665667954744,1.4293983630862428,-0.5943684245512846,-1.3257999190567153,0.7002255955339949,-0.5943684245512846,-1.3257999190567153,0.7002255955339949
58,5,B,1.8177855840709114,0.4396953631903894,2.245360531324346,-1.0152568907020543,-0.6913846963796488,0.6554408564845904,0.3618442126293621,1.2181407126239079,-0.9480106028167758,0.18092210631468106,0.6090703563119539,-0.4740053014083879
59,0,A,-0.32844860694571365,0.033181701806509374,0.19881806666803972,-0.05636692627595252,0.6406000938811823,0.551934986180036,-4.537661685699855,0.9313632063870366,-1.9379491972687286,-4.537661685699855,0.9313632063870366,-1.9379491972687286
59,1,B,1.073158965008875,0.5909825144487152,-0.465966995455319,-0.2785032177777036,0.7639605411713879,-0.8124622966478118,-2.6174059182851916,-0.5461990548414014,3.2921290468042397,-1.3087029591425958,-0.2730995274207007,1.6460645234021198
59,2,A,0.24926874358266085,1.0086481371071394,0.3345206709336463,-0.4189651382290563,-0.5556064562420748,-0.4083882834468644,-6.915585592603737,13.149139607148038,-3.8655806099076986,-6.915585592603737,13.149139607148038,-3.8655806099076986
59,3,B,0.7498789830319823,0.07078988347266309,0.5021663219873509,-0.15058651467072526,-1.0765963649529624,-1.1282294130469577,14.293358417618325,-13.432774837689843,2.752287632906941,7.146679208809163,-6.7163874188449215,1.3761438164534705
59,4,A,2.2778198447429108,1.659001425754778,1.4504801300860297,0.360372185927349,-0.08904130016544887,1.4363007209149958,-0.5914859841337319,-1.3011287781236271,0.6802459702167951,-0.5914859841337319,-1.3011287781236271,0.6802459702167951
59,5,B,1.8076420612692066,0.4328119697444085,2.2518912396241215,-1.013430328262721,-0.6853403449552875,0.6507679978706715,0.3687807631041895,1.1995998571197957,-0.9211328427515487,0.18439038155209475,0.5997999285598978,-0.46056642137577436
60,0,A,-0.32923915929275815,0.03963427090564055,0.20424051906997664,-0.1076664213700812,0.6478560886065462,0.5314798940188326,-5.722237333126159,0.5198357386857446,-2.1530692349718556,-5.722237333126159,0.5198357386857446,-2.1530692349718556
60,1,B,1.070308497683141,0.5986084648840581,-0.474009315195627,-0.2915440182368223,0.761071188246859,-0.795976402442064,-2.5989142653655395,-0.6095421149720721,3.3022286354942043,-1.2994571326827697,-0.30477105748603606,1.6511143177471022
60,2,A,0.2447333129207401,1.003749529525076,0.3302435090686823,-0.48242846315212085,-0.429658983648995,-0.44468015798772575,-5.777079392009294,12.040354911469446,-3.392794298264577,-5.777079392009294,12.040354911469446,-3.392794298264577
60,3,B,0.7487304518457155,0.059688100452191216,0.490952835047704,-0.07907433777687434,-1.1398154551580844,-1.1151542680929494,14.311512339921668,-11.854861244358869,2.4777703486970277,7.155756169960834,-5.927430622179434,1.2388851743485139
60,4,A,2.2813939923029776,1.6580459563142174,1.4648771495936905,0.35447163371105095,-0.10193255131448753,1.4430061663433635,-0.5886244591257825,-1.2771214516839395,0.6608431154563817,-0.5886244591257825,-1.2771214516839395,0.6608431154563817
60,5,B,1.797516977505657,0.4259885562912836,2.2583758912817595,-1.0115700185806986,-0.6793880099103367,0.6462277193477695,0.3753431097051082,1.1813341608596906,-0.8949785664111811,0.1876715548525541,0.5906670804298453,-0.44748928320559056
